{
  "//": "Дополнительные правила парсинга для Components Aggregator",
  "title": { 
    "selector": "h1, .product-title, .product__title" 
  },
  "mpn": { 
    "selector": "[data-mpn], .mpn, .nomenclature, .product__code, .summary__value", 
    "attr": "data-mpn",
    "match": "([A-Za-z0-9._-]{3,})" 
  },
  "manufacturer": { 
    "selector": ".brand, .manufacturer a, .product__manufacturer, .summary__value a" 
  },
  "images": { 
    "selector": ".gallery img, .product-images img, .product__image img, #productphotobox img", 
    "attr": "src" 
  },
  "datasheets": { 
    "selector": "a[href$='.pdf'], .download__link", 
    "attr": "href", 
    "endsWith": ".pdf" 
  },
  "specs": {
    "Корпус": { 
      "selector": "tr:has(td:contains('Корпус')) td:nth-child(2), .param:has(.param__name:contains('Корпус')) .param__value" 
    },
    "Полярность": { 
      "selector": "tr:has(td:contains('Полярность')) td:nth-child(2), .param:has(.param__name:contains('Полярность')) .param__value" 
    },
    "Ток": { 
      "selector": "tr:has(td:contains('Ток')) td:nth-child(2), .param:has(.param__name:contains('Ток')) .param__value", 
      "match": "([0-9.,]+\\s*[muµmMkK]A)" 
    },
    "Напряжение": { 
      "selector": "tr:has(td:contains('Напряжение')) td:nth-child(2), .param:has(.param__name:contains('Напряжение')) .param__value", 
      "match": "([0-9.,]+\\s*[kKmM]?V)" 
    },
    "Мощность": { 
      "selector": "tr:has(td:contains('Мощность')) td:nth-child(2), .param:has(.param__name:contains('Мощность')) .param__value" 
    },
    "Температура": { 
      "selector": "tr:has(td:contains('температур')) td:nth-child(2), .param:has(.param__name:contains('температур')) .param__value" 
    }
  }
}
